Sentiment,Precision,Recall,F1-Score,Support
negative,0.104,0.8666666666666667,0.18571428571428572,15
neutral,0.11764705882352941,0.15625,0.1342281879194631,64
positive,0.9551724137931035,0.6579572446555819,0.7791842475386779,421
Macro Avg,0.39227315753887765,0.5602913037740829,0.36637557372414226,500
Weighted Avg,0.8224339959432049,0.6,0.6788257730526867,500
